﻿الكلمة;نوعها;صنف;العطف;التعريف;الجر;الإضافة;الاستفهام;التصريف;ملاحظة 
كلاكما;حرف;*الحروف(حروف);ع;*;*;*;*;*;
أمام;اسم;اتجاه;ع;ت;*;ض;*;*;
تحت;اسم;اتجاه;ع;*;*;ض;*;*;
خلف;اسم;اتجاه;ع;ت;*;ض;*;*;
شمال;اسم;اتجاه;ع;ت;*;ض;*;*;
فوق;اسم;اتجاه;ع;*;*;ض;*;*;
يمين;اسم;اتجاه;ع;ت;*;ض;*;*;
بيد;حرف;استثناء;ع;ت;*;*;*;*;
سوى;اسم;استثناء;ع;*;ج;*;*;*;
غير;اسم;استثناء;ع;ت;ج;*;*;*;
لا سيما;حرف;استثناء;ع;*;*;*;*;*;
أنّى;;اسم الاستفهام;ع;*;*;*;*;*;
أيّ;;اسم الاستفهام;ع;*;*;*;*;*;
ّأيّان;;اسم الاستفهام;ع;*;*;*;*;*;
أين;;اسم الاستفهام;ع;*;*;*;*;*;
بكم;;اسم الاستفهام;ع;*;*;*;*;*
بماذا;;اسم الاستفهام;ع;*;*;*;*;*
بمن;;اسم الاستفهام;ع;*;*;*;*;*
بما;;اسم الاستفهام;ع;*;*;*;س;*
كم;;اسم الاستفهام;ع;*;*;*;*;*
كيف;;اسم الاستفهام;ع;*;*;*;*;*
ما;;اسم الاستفهام;ع;*;*;*;*;*
ماذا;;اسم الاستفهام;ع;*;*;*;*;*
متى;;اسم الاستفهام;ع;*;*;*;*;*
ممن;;اسم الاستفهام;ع;*;*;*;*;*
مما;;اسم الاستفهام;ع;*;*;*;س;*
من;;اسم الاستفهام;ع;*;*;*;*;*
كذلك;;اسم الإشارة;ع;*;*;*;س;*
ذلك;;اسم الإشارة;ع;*;ج;*;س;*
ذلكم;;اسم الإشارة;ع;*;ج;*;س;*
ذلكن;;اسم الإشارة;ع;*;ج;*;س;*
ذلكما;;اسم الإشارة;ع;*;ج;*;س;*
أنّى;;اسم الشرط;ع;*;*;*;*;*
أيّ;;اسم الشرط;ع;*;*;*;*;*
ّأيّان;;اسم الشرط;ع;*;*;*;*;*
أين;;اسم الشرط;ع;*;*;*;*;*
حيثما;;اسم الشرط;ع;*;*;*;*;*
كيفما;;اسم الشرط;ع;*;*;*;*;*
ما;;اسم الشرط;ع;*;*;*;*;*
متى;;اسم الشرط;ع;*;*;*;*;*
من;;اسم الشرط;ع;*;*;*;*;*
مهما;;اسم الشرط;ع;*;*;*;*;*
أولئك;اسم;اسم إشارة;ع;*;ج;*;*;*
أولاء;اسم;اسم إشارة;ع;*;ج;*;*;*
أولالك;اسم;اسم إشارة;ع;*;ج;*;*;*
تانِ;اسم;اسم إشارة;ع;*;*;*;*;*
تانِك;اسم;اسم إشارة;ع;*;ج;*;*;*
تلكما;اسم;اسم إشارة;ع;*;ج;*;*;*
تلكما;اسم;اسم إشارة;ع;*;ج;*;*;*
تلك;اسم;اسم إشارة;ع;*;ج;*;*;*
تِه;اسم;اسم إشارة;ع;*;ج;*;*;*
تِي;اسم;اسم إشارة;ع;*;ج;*;*;*
تَيْنِ;اسم;اسم إشارة;ع;*;ج;*;*;*
تينك;اسم;اسم إشارة;ع;*;ج;*;*;*
ثمّ;اسم;اسم إشارة;ع;*;*;*;*;*
ثمّة;اسم;اسم إشارة;ع;*;*;*;*;*
ذا;اسم;اسم إشارة;ع;*;ج;*;*;*
ذاك;اسم;اسم إشارة;ع;*;ج;*;*;*
ذانِ;اسم;اسم إشارة;ع;*;*;*;*;*
ذانك;اسم;اسم إشارة;ع;*;ج;*;*;*
ذِه;اسم;اسم إشارة;ع;*;ج;*;*;*
ذوا;اسم;اسم إشارة;ع;*;*;*;*;*
ذواتا;اسم;اسم إشارة;ع;*;*;*;*;*
ذواتي;اسم;اسم إشارة;ع;*;ج;*;*;*
ذِي;اسم;اسم إشارة;ع;*;ج;*;*;*
ذَيْنِ;اسم;اسم إشارة;ع;*;ج;*;*;*
ذينك;اسم;اسم إشارة;ع;*;ج;*;*;*
هَؤلاء;اسم;اسم إشارة;ع;*;ج;*;*;*
هَاتانِ;اسم;اسم إشارة;ع;*;*;*;*;*
هَاتِه;اسم;اسم إشارة;ع;*;ج;*;*;*
هَاتِي;اسم;اسم إشارة;ع;*;ج;*;*;*
هَاتَيْنِ;اسم;اسم إشارة;ع;*;ج;*;*;*
هاهنا;;اسم إشارة;ع;*;*;*;*;*
هَذا;اسم;اسم إشارة;ع;*;ج;*;*;*
هَذانِ;اسم;اسم إشارة;ع;*;*;*;*;*
هَذِه;اسم;اسم إشارة;ع;*;ج;*;*;*
هَذِي;اسم;اسم إشارة;ع;*;ج;*;*;*
هَذَيْنِ;اسم;اسم إشارة;ع;*;ج;*;*;*
هكذا;اسم;اسم إشارة;ع;*;*;*;س;ص
هنا;اسم;اسم إشارة;ع;*;*;*;*;*
هناك;اسم;اسم إشارة;ع;*;ج;*;*;*
هنالك;اسم;اسم إشارة;ع;*;ج;*;*;*
أي;اسم;اسم إضافة;ع;*;ج;ض;*;*
إذ;اسم;اسم إضافة;ع;*;*;*;*;*
إذا;اسم;اسم إضافة;ع;*;*;*;*;*
بعض;اسم;اسم إضافة;ع;*;ج;ض;*;*
تجاه;اسم;اسم إضافة;ع;*;ج;ض;*;*
تلقاء;اسم;اسم إضافة;ع;*;ج;ض;*;*
جميع;اسم;اسم إضافة;ع;*;ج;ض;*;*
حسب;اسم;اسم إضافة;ع;*;ج;ض;*;*
حيث;اسم;اسم إضافة;ع;*;ج;*;*;*
سبحان;اسم;اسم إضافة;ع;*;*;ض;*;*
سوى;اسم;اسم إضافة;ع;*;ج;ض;*;*
شبه;اسم;اسم إضافة;ع;*;ج;ض;*;*
غير;اسم;اسم إضافة;ع;*;ج;ض;*;*
كل;اسم;اسم إضافة;ع;*;ج;ض;*;*
لعمر;اسم;اسم إضافة;ع;*;*;ض;*;*
لما;اسم;اسم إضافة;ع;*;*;*;س;*
مثل;اسم;اسم إضافة;ع;*;ج;ض;*;*
مع;اسم;اسم إضافة;ع;*;*;ض;*;*
معاذ;اسم;اسم إضافة;ع;*;*;ض;*;*
نحو;اسم;اسم إضافة;ع;*;ج;ض;*;*
ألف;اسم;اسم حرف ابجدي;ع;ت;ج;*;*;*
باء;اسم;اسم حرف ابجدي;ع;ت;ج;*;*;*
تاء;اسم;اسم حرف ابجدي;ع;ت;ج;*;*;*
ثاء;اسم;اسم حرف ابجدي;ع;ت;ج;*;*;*
جيم;اسم;اسم حرف ابجدي;ع;ت;ج;*;*;*
حاء;اسم;اسم حرف ابجدي;ع;ت;ج;*;*;*
خاء;اسم;اسم حرف ابجدي;ع;ت;ج;*;*;*
دال;اسم;اسم حرف ابجدي;ع;ت;ج;*;*;*
ذال;اسم;اسم حرف ابجدي;ع;ت;ج;*;*;*
راء;اسم;اسم حرف ابجدي;ع;ت;ج;*;*;*
زاي;اسم;اسم حرف ابجدي;ع;ت;ج;*;*;*
سين;اسم;اسم حرف ابجدي;ع;ت;ج;*;*;*
شين;اسم;اسم حرف ابجدي;ع;ت;ج;*;*;*
صاد;اسم;اسم حرف ابجدي;ع;ت;ج;*;*;*
ضاد;اسم;اسم حرف ابجدي;ع;ت;ج;*;*;*
طاء;اسم;اسم حرف ابجدي;ع;ت;ج;*;*;*
ظاء;اسم;اسم حرف ابجدي;ع;ت;ج;*;*;*
عين;اسم;اسم حرف ابجدي;ع;ت;ج;*;*;*
غين;اسم;اسم حرف ابجدي;ع;ت;ج;*;*;*
فاء;اسم;اسم حرف ابجدي;ع;ت;ج;*;*;*
قاف;اسم;اسم حرف ابجدي;ع;ت;ج;*;*;*
كاف;اسم;اسم حرف ابجدي;ع;ت;ج;*;*;*
لام;اسم;اسم حرف ابجدي;ع;ت;ج;*;*;*
ميم;اسم;اسم حرف ابجدي;ع;ت;ج;*;*;*
نون;اسم;اسم حرف ابجدي;ع;ت;ج;*;*;*
هاء;اسم;اسم حرف ابجدي;ع;ت;ج;*;*;*
همزة;اسم;اسم حرف ابجدي;ع;ت;ج;*;*;*
واو;اسم;اسم حرف ابجدي;ع;ت;ج;*;*;*
ياء;اسم;اسم حرف ابجدي;ع;ت;ج;*;*;*
آب;اسم;اسم شهر;ع;*;ج;*;*;*
آذار;اسم;اسم شهر;ع;*;ج;*;*;*
أبريل;اسم;اسم شهر;ع;*;ج;*;*;*
أغسطس;اسم;اسم شهر;ع;*;ج;*;*;*
أفريل;اسم;اسم شهر;ع;*;ج;*;*;*
أكتوبر;اسم;اسم شهر;ع;*;ج;*;*;*
أوت;اسم;اسم شهر;ع;*;ج;*;*;*
أيار;اسم;اسم شهر;ع;*;ج;*;*;*
أيلول;اسم;اسم شهر;ع;*;ج;*;*;*
تشرين;اسم;اسم شهر;ع;*;ج;*;*;*
تموز;اسم;اسم شهر;ع;*;ج;*;*;*
جانفي;اسم;اسم شهر;ع;*;ج;*;*;*
جوان;اسم;اسم شهر;ع;*;ج;*;*;*
جويلية;اسم;اسم شهر;ع;*;ج;*;*;*
حزيران;اسم;اسم شهر;ع;*;ج;*;*;*
ديسمبر;اسم;اسم شهر;ع;*;ج;*;*;*
سبتمبر;اسم;اسم شهر;ع;*;ج;*;*;*
شباط;اسم;اسم شهر;ع;*;ج;*;*;*
فبراير;اسم;اسم شهر;ع;*;ج;*;*;*
فيفري;اسم;اسم شهر;ع;*;ج;*;*;*
كانون;اسم;اسم شهر;ع;*;ج;*;*;*
مارس;اسم;اسم شهر;ع;*;ج;*;*;*
مارس;اسم;اسم شهر;ع;*;ج;*;*;*
ماي;اسم;اسم شهر;ع;*;ج;*;*;*
مايو;اسم;اسم شهر;ع;*;ج;*;*;*
نوفمبر;اسم;اسم شهر;ع;*;ج;*;*;*
نيسان;اسم;اسم شهر;ع;*;ج;*;*;*
يناير;اسم;اسم شهر;ع;*;ج;*;*;*
يوليو;اسم;اسم شهر;ع;*;ج;*;*;*
يونيو;اسم;اسم شهر;ع;*;ج;*;*;*
 وا;;اسم صوت;*;*;*;*;*;*
آهِ;;اسم صوت;*;*;*;*;*;*
آهٍ;;اسم صوت;*;*;*;*;*;*
آهاً;;اسم صوت;*;*;*;*;*;*
أفٍّ;;اسم صوت;*;*;*;*;*;*
بسّ;;اسم صوت;*;*;*;*;*;*
حاي;;اسم صوت;*;*;*;*;*;*
صهْ;;اسم صوت;*;*;*;*;*;*
صهٍ ;;اسم صوت;*;*;*;*;*;*
طاق;;اسم صوت;*;*;*;*;*;*
طَق;;اسم صوت;*;*;*;*;*;*
عَدَسْ;;اسم صوت;*;*;*;*;*;*
كِخ;;اسم صوت;*;*;*;*;*;*
نَخْ;;اسم صوت;*;*;*;*;*;*
هَجْ;;اسم صوت;*;*;*;*;*;*
واهاً;;اسم صوت;*;*;*;*;*;*
وَيْ;;اسم صوت;*;*;*;*;*;*
اثنا;اسم;اسم عدد;ع;ت;ج;ض;*;*
اثنان;اسم;اسم عدد;ع;ت;ج;ض;*;*
اثني;اسم;اسم عدد;ع;ت;ج;ض;*;*
اربعون;اسم;اسم عدد;ع;ت;*;ض;*;*
اربعين;اسم;اسم عدد;ع;ت;ج;ض;*;*
أحد;اسم;اسم عدد;ع;ت;ج;ض;*;*
أربع;اسم;اسم عدد;ع;ت;ج;ض;*;*
أربعة;اسم;اسم عدد;ع;ت;ج;ض;*;*
أربعمئة;اسم;اسم عدد;ع;ت;ج;ض;*;*
أربعمائة;اسم;اسم عدد;ع;ت;ج;ض;*;*
إحدى;اسم;اسم عدد;ع;ت;ج;ض;*;*
بضع;اسم;اسم عدد;ع;*;*;*;*;*
تسع;اسم;اسم عدد;ع;ت;ج;ض;*;*
تسعة;اسم;اسم عدد;ع;ت;ج;ض;*;*
تسعمئة;اسم;اسم عدد;ع;ت;ج;ض;*;*
تسعمائة;اسم;اسم عدد;ع;ت;ج;ض;*;*
تسعون;اسم;اسم عدد;ع;ت;*;ض;*;*
تسعين;اسم;اسم عدد;ع;ت;ج;ض;*;*
ثلاث;اسم;اسم عدد;ع;ت;ج;ض;*;*
ثلاثة;اسم;اسم عدد;ع;ت;ج;ض;*;*
ثلاثمئة;اسم;اسم عدد;ع;ت;ج;ض;*;*
ثلاثمائة;اسم;اسم عدد;ع;ت;ج;ض;*;*
ثلاثون;اسم;اسم عدد;ع;ت;*;ض;*;*
ثلاثين;اسم;اسم عدد;ع;ت;ج;ض;*;*
ثمان;اسم;اسم عدد;ع;*;*;*;*;*
ثمانمئة;اسم;اسم عدد;ع;ت;ج;ض;*;*
ثمانون;اسم;اسم عدد;ع;ت;*;ض;*;*
ثماني;اسم;اسم عدد;ع;ت;ج;ض;*;*
ثمانية;اسم;اسم عدد;ع;ت;ج;ض;*;*
ثمانين;اسم;اسم عدد;ع;ت;ج;ض;*;*
ثمنمئة;اسم;اسم عدد;ع;ت;ج;ض;*;*
خمس;اسم;اسم عدد;ع;ت;ج;ض;*;*
خمسة;اسم;اسم عدد;ع;ت;ج;ض;*;*
خمسمئة;اسم;اسم عدد;ع;ت;ج;ض;*;*
خمسمائة;اسم;اسم عدد;ع;ت;ج;ض;*;*
خمسون;اسم;اسم عدد;ع;ت;*;ض;*;*
خمسين;اسم;اسم عدد;ع;ت;ج;ض;*;*
سبع;اسم;اسم عدد;ع;ت;ج;ض;*;*
سبعة;اسم;اسم عدد;ع;ت;ج;ض;*;*
سبعمئة;اسم;اسم عدد;ع;ت;ج;ض;*;*
سبعمائة;اسم;اسم عدد;ع;ت;ج;ض;*;*
سبعون;اسم;اسم عدد;ع;ت;*;ض;*;*
سبعين;اسم;اسم عدد;ع;ت;ج;ض;*;*
ست;اسم;اسم عدد;ع;ت;ج;ض;*;*
ستة;اسم;اسم عدد;ع;ت;ج;ض;*;*
ستمئة;اسم;اسم عدد;ع;ت;ج;ض;*;*
ستمائة;اسم;اسم عدد;ع;ت;ج;ض;*;*
ستون;اسم;اسم عدد;ع;ت;*;ض;*;*
ستين;اسم;اسم عدد;ع;ت;ج;ض;*;*
عشر;اسم;اسم عدد;ع;ت;ج;ض;*;*
عشرة;اسم;اسم عدد;ع;ت;ج;ض;*;*
عشرون;اسم;اسم عدد;ع;ت;*;ض;*;*
عشرين;اسم;اسم عدد;ع;ت;ج;ض;*;*
مئة;اسم;اسم عدد;ع;ت;ج;ض;*;*
مئتان;اسم;اسم عدد;ع;ت;*;ض;*;*
مئتين;اسم;اسم عدد;ع;ت;ج;ض;*;*
مائة;اسم;اسم عدد;ع;ت;ج;ض;*;*
نيف;اسم;اسم عدد;ع;*;*;*;*;*
واحد;اسم;اسم عدد;ع;ت;ج;ض;*;*
أول;اسم;اسم عدد ترتيب;ع;ت;ج;ض;*;*
تاسع;اسم;اسم عدد ترتيب;ع;ت;ج;ض;*;*
ثالث;اسم;اسم عدد ترتيب;ع;ت;ج;ض;*;*
ثامن;اسم;اسم عدد ترتيب;ع;ت;ج;ض;*;*
ثان;اسم;اسم عدد ترتيب;ع;ت;ج;ض;*;*
ثاني;اسم;اسم عدد ترتيب;ع;ت;ج;ض;*;*
حادي;اسم;اسم عدد ترتيب;ع;ت;ج;ض;*;*
خامس;اسم;اسم عدد ترتيب;ع;ت;ج;ض;*;*
رابع;اسم;اسم عدد ترتيب;ع;ت;ج;ض;*;*
سابع;اسم;اسم عدد ترتيب;ع;ت;ج;ض;*;*
سادس;اسم;اسم عدد ترتيب;ع;ت;ج;ض;*;*
عاشر;اسم;اسم عدد ترتيب;ع;ت;ج;ض;*;*
جنيه;اسم;اسم عملة;ع;ت;ج;ض;*;*
درهم;اسم;اسم عملة;ع;ت;ج;ض;*;*
دولار;اسم;اسم عملة;ع;ت;ج;ض;*;*
دينار;اسم;اسم عملة;ع;ت;ج;ض;*;*
ريال;اسم;اسم عملة;ع;ت;ج;ض;*;*
سنتيم;اسم;اسم عملة;ع;ت;ج;ض;*;*
شيكل;اسم;اسم عملة;ع;ت;ج;ض;*;*
فلس;اسم;اسم عملة;ع;ت;ج;ض;*;*
قرش;اسم;اسم عملة;ع;ت;ج;ض;*;*
ليرة;اسم;اسم عملة;ع;ت;ج;ض;*;*
مليم;اسم;اسم عملة;ع;ت;ج;ض;*;*
هللة;اسم;اسم عملة;ع;ت;ج;ض;*;*
ين;اسم;اسم عملة;ع;ت;ج;ض;*;*
يوان;اسم;اسم عملة;ع;ت;ج;ض;*;*
يورو;اسم;اسم عملة;ع;ت;ج;ض;*;*
آمينَ;اسم فعل;اسم فعل;ع;*;*;*;*;*
آه;اسم فعل;اسم فعل;ع;*;*;*;*;*
أُفٍّ;اسم فعل;اسم فعل;ع;*;*;*;*;*
أُفٍّ;اسم فعل;اسم فعل;ع;*;*;*;*;*
أمامك;اسم فعل;اسم فعل;ع;*;*;*;*;*
أمامكَ;اسم فعل;اسم فعل;ع;*;*;*;*;*
أوّهْ;اسم فعل;اسم فعل;ع;*;*;*;*;*
إلَيْكَ;اسم فعل;اسم فعل;ع;*;*;*;*;*
إلَيْكَ;اسم فعل;اسم فعل;ع;*;*;*;*;*
إليكَ;اسم فعل;اسم فعل;ع;*;*;*;*;*
إليكم;اسم فعل;اسم فعل;ع;*;*;*;*;*
إليكم;اسم فعل;اسم فعل;ع;*;*;*;*;*
إليكما;اسم فعل;اسم فعل;ع;*;*;*;*;*
إليكنّ;اسم فعل;اسم فعل;ع;*;*;*;*;*
إيهٍ;اسم فعل;اسم فعل;ع;*;*;*;*;*
بخٍ;اسم فعل;اسم فعل;ع;*;*;*;*;*
بَسْ;اسم فعل;اسم فعل;ع;*;*;*;*;*
بطآن;اسم فعل;اسم فعل;ع;*;*;*;*;*
بَلْهَ;اسم فعل;اسم فعل;ع;*;*;*;*;*
حَذارِ;اسم فعل;اسم فعل;ع;*;*;*;*;*
حيَّ;اسم فعل;اسم فعل;ع;*;*;*;*;*
حيَّ;اسم فعل;اسم فعل;ع;*;*;*;*;*
دونك;اسم فعل;اسم فعل;ع;*;*;*;*;*
رويدك;اسم فعل;اسم فعل;ع;*;*;*;*;*
سرعان;اسم فعل;اسم فعل;ع;*;*;*;*;*
شَتَّانَ;اسم فعل;اسم فعل;ع;*;*;*;*;*
عليك;اسم فعل;اسم فعل;ع;*;*;*;*;*
مكانَك;اسم فعل;اسم فعل;ع;*;*;*;*;*
مكانَك;اسم فعل;اسم فعل;ع;*;*;*;*;*
مكانَك;اسم فعل;اسم فعل;ع;*;*;*;*;*
مكانكم;اسم فعل;اسم فعل;ع;*;*;*;*;*
مكانكما;اسم فعل;اسم فعل;ع;*;*;*;*;*
مكانكنّ;اسم فعل;اسم فعل;ع;*;*;*;*;*
مه;اسم فعل;اسم فعل;*;*;*;*;*;*
ها;اسم فعل;اسم فعل;*;*;*;*;*;*
هاؤم;اسم فعل;اسم فعل;ع;*;*;*;*;*
هاكَ;اسم فعل;اسم فعل;*;*;*;*;*;*
هلم;اسم فعل;اسم فعل;*;*;*;*;*;*
هيّا;اسم فعل;اسم فعل;*;*;*;*;*;*
هيت;اسم فعل;اسم فعل;ع;*;*;*;*;*
هيهات;اسم فعل;اسم فعل;*;*;*;*;*;*
هيهات;اسم فعل;اسم فعل;*;*;*;*;*;*
هَيْهات ;اسم فعل;اسم فعل;*;*;*;*;*;*
وا;اسم فعل;اسم فعل;*;*;*;*;*;*
وراءَك;اسم فعل;اسم فعل;*;*;*;*;*;*
وُشْكَانَ;اسم فعل;اسم فعل;*;*;*;*;*;*
اثنين;اسم;اسم يوم;ع;ت;ج;ض;*;*
أحد;اسم;اسم يوم;ع;ت;ج;ض;*;*
أربعاء;اسم;اسم يوم;ع;ت;ج;ض;*;*
ثلاثاء;اسم;اسم يوم;ع;ت;ج;ض;*;*
جمعة;اسم;اسم يوم;ع;ت;ج;ض;*;*
خميس;اسم;اسم يوم;ع;ت;ج;ض;*;*
سبت;اسم;اسم يوم;ع;ت;ج;ض;*;*
الألاء;;الاسم الموصول;ع;*;ج;*;*;*
الألى;;الاسم الموصول;ع;*;ج;*;*;*
التي;;الاسم الموصول;ع;*;ج;*;*;*
الذي;;الاسم الموصول;ع;*;ج;*;*;*
الذين;;الاسم الموصول;ع;*;ج;*;*;*
اللاتي;;الاسم الموصول;ع;*;ج;*;*;*
اللائي;;الاسم الموصول;ع;*;ج;*;*;*
اللتان;;الاسم الموصول;ع;*;*;*;*;*
اللتيا;;الاسم الموصول;ع;*;ج;*;*;*
اللتين;;الاسم الموصول;ع;*;ج;*;*;*
اللذان;;الاسم الموصول;ع;*;*;*;*;*
اللذين;;الاسم الموصول;ع;*;ج;*;*;*
اللواتي;;الاسم الموصول;ع;*;ج;*;*;*
أل;;الاسم الموصول;ع;*;*;*;*;*
أي;;الاسم الموصول;ع;*;ج;*;*;*
ذا;;الاسم الموصول;ع;*;ج;*;*;*
ما;;الاسم الموصول;ع;*;*;*;*;*
من;;الاسم الموصول;ع;*;ج;*;*;*
أبو ;اسم;الأسماء الخمسة;ع;ت;ج;ض;*;*;
أخو;اسم;الأسماء الخمسة;ع;ت;ج;ض;*;*;
حمو ;اسم;الأسماء الخمسة;ع;ت;ج;ض;*;*;
ذو;اسم;الأسماء الخمسة;ع;*;*;*;*;*;
فو;اسم;الأسماء الخمسة;ع;ت;ج;ض;*;*;
ءَ;حرف;الحروف(حروف);*;*;*;*;*;*;
ا?;حرف;الحروف(حروف);*;*;*;*;*;*;
آي;حرف;الحروف(حروف);*;*;*;*;*;*;
أجل;حرف;الحروف(حروف);*;*;*;*;*;*;
ألا;حرف;الحروف(حروف);ع;*;*;*;*;*;
أم;حرف;الحروف(حروف);*;*;*;*;*;*;
أما;حرف;الحروف(حروف);ع;*;*;*;*;*;
أمّا;حرف;الحروف(حروف);ع;*;*;*;*;*;
أن;حرف;الحروف(حروف);ع;*;*;*;*;*;
أنًّ;حرف;الحروف(حروف);ع;*;*;*;*;*;
أو;حرف;الحروف(حروف);ع;*;*;*;*;*;
أى;حرف;الحروف(حروف);ع;*;*;*;*;*;
أيا;حرف;الحروف(حروف);ع;*;*;*;*;*;
إذاً;حرف;الحروف(حروف);ع;*;*;*;*;*;
إذما;حرف;الحروف(حروف);ع;*;*;*;*;*;
إذن;حرف;الحروف(حروف);ع;*;*;*;*;*;
إمّا;حرف;الحروف(حروف);ع;*;*;*;*;*;
إن;حرف;الحروف(حروف);ع;*;*;*;*;*;
لئن;حرف;الحروف(حروف);ع;*;*;*;*;*;
إنَّ;حرف;الحروف(حروف);ع;*;ج;ض;*;*;
إى;حرف;الحروف(حروف);ع;*;*;*;*;*;
ب;حرف;الحروف(حروف);ع;*;*;*;*;*;
جير;حرف;الحروف(حروف);ع;*;*;*;*;*;
حتى;حرف;الحروف(حروف);ع;*;*;*;*;*;
رُبَّ;حرف;الحروف(حروف);ع;*;*;*;*;*;
س;حرف;الحروف(حروف);ع;*;*;*;*;*;
سوف;حرف;الحروف(حروف);ع;*;*;*;*;*;
علًّ;حرف;الحروف(حروف);ع;*;*;*;*;*;
ف;حرف;الحروف(حروف);ع;*;*;*;*;*;
في;حرف;الحروف(حروف);ع;*;*;ض;س;*;
كأنّ;حرف;الحروف(حروف);ع;*;*;ض;*;*;
كلَّا;حرف;الحروف(حروف);ع;*;*;*;*;*;
كي;حرف;الحروف(حروف);ع;*;*;*;*;*;
ل;حرف;الحروف(حروف);ع;*;*;*;*;*;
لا;حرف;الحروف(حروف);ع;*;*;*;*;*;
لات;حرف;الحروف(حروف);ع;*;*;*;*;*;
لعلَّ;حرف;الحروف(حروف);ع;*;*;ض;*;*;
لكنَّ;حرف;الحروف(حروف);ع;*;*;ض;*;*;
لكنَّ;حرف;الحروف(حروف);ع;*;*;ض;*;*;
لكي;حرف;الحروف(حروف);ع;*;*;*;*;*;
لم;حرف;الحروف(حروف);ع;*;*;*;س;*;
لن;حرف;الحروف(حروف);ع;*;*;*;س;*;
لو;حرف;الحروف(حروف);ع;*;*;*;س;*;
لولا;حرف;الحروف(حروف);ع;*;*;*;*;*;
لوما;حرف;الحروف(حروف);ع;*;*;*;*;*;
ليت;حرف;الحروف(حروف);ع;*;*;*;*;*;
م;حرف;الحروف(حروف);ع;*;*;*;*;*;
نعم;حرف;الحروف(حروف);ع;*;*;*;*;*;
هل;حرف;الحروف(حروف);ع;*;*;*;*;*;
هلّا;حرف;الحروف(حروف);ع;*;*;*;*;*;
هيا;حرف;الحروف(حروف);ع;*;*;*;*;*;
وا;حرف;الحروف(حروف);ع;*;*;*;*;*;
كلا;حرف;الحروف(حروف)*;ع;*;*;*;*;*;
كلاهما;حرف;الحروف(حروف)*;ع;*;*;*;*;*;
لكيلا;حرف;الحروف(حروف)*;ع;*;*;*;*;*;
بئس;;المدح والذم;ع;*;*;*;*;*;
بئس;;المدح والذم;ع;*;*;*;*;*;
حبذا;;المدح والذم;ع;*;*;*;*;*;
ساء;;المدح والذم;ع;*;*;*;*;*;
ساءما;;المدح والذم;ع;*;*;*;*;*;
نعم;;المدح والذم;ع;*;*;*;*;*;
نِعِمّا;;المدح والذم;ع;*;*;*;*;*;
إن;;المشبهة بليس;ع;*;ج;ض;*;*;
لا;;المشبهة بليس;ع;*;*;*;*;*;
لات;;المشبهة بليس;ع;*;*;*;*;*;
ما;;المشبهة بليس;ع;*;*;*;*;*;
أصلا;;المنصوبات;ع;*;*;*;*;*;
أهلا;;المنصوبات;ع;*;*;*;*;*;
أيضا;;المنصوبات;ع;*;*;*;*;*;
بؤسا;;المنصوبات;ع;*;*;*;*;*;
بعدا;;المنصوبات;ع;*;*;*;*;*;
بغتة;;المنصوبات;ع;*;*;*;*;*;
تعسا;;المنصوبات;ع;*;*;*;*;*;
حقا;;المنصوبات;ع;*;*;*;*;*;
حمدا;;المنصوبات;ع;*;*;*;*;*;
خاصة;;المنصوبات;ع;*;*;*;*;*;
خلافا;;المنصوبات;ع;*;*;*;*;*;
دواليك;;المنصوبات;ع;*;*;*;*;*;
سحقا;;المنصوبات;ع;*;*;*;*;*;
سرا;;المنصوبات;ع;*;*;*;*;*;
سمعا;;المنصوبات;ع;*;*;*;*;*;
صبرا;;المنصوبات;ع;*;*;*;*;*;
صدقا;;المنصوبات;ع;*;*;*;*;*;
صراحة;;المنصوبات;ع;*;*;*;*;*;
طرا;;المنصوبات;ع;*;*;*;*;*;
عجبا;;المنصوبات;ع;*;*;*;*;*;
عيانا;;المنصوبات;ع;*;*;*;*;*;
غالبا;;المنصوبات;ع;*;*;*;*;*;
فرادى;;المنصوبات;ع;*;*;*;*;*;
فضلا;;المنصوبات;ع;*;*;*;*;*;
قاطبة;;المنصوبات;ع;*;*;*;*;*;
كثيرا;;المنصوبات;ع;*;*;*;*;*;
لبيك;;المنصوبات;ع;*;*;*;*;*;
معاذ;;المنصوبات;ع;*;*;*;*;*;
لا;;النافية للجنس;ع;*;*;*;س;*;
كما;;أداة تشبيه;ع;*;*;*;*;*;
اتخذ;فعل;أفعال قلوب;ع;*;*;*;*;ص;
ألفى;فعل;أفعال قلوب;ع;*;*;*;*;ص;
تخذ;فعل;أفعال قلوب;ع;*;*;*;*;ص;
ترك;فعل;أفعال قلوب;ع;*;*;*;*;ص;
تعلَّم;فعل;أفعال قلوب;ع;*;*;*;*;ص;
جعل;فعل;أفعال قلوب;ع;*;*;*;*;ص;
حجا;فعل;أفعال قلوب;ع;*;*;*;*;ص;
حسب;فعل;أفعال قلوب;ع;*;*;*;*;ص;
حسب;فعل;أفعال قلوب;ع;*;*;*;*;ص;
خال;فعل;أفعال قلوب;ع;*;*;*;*;ص;
خال;فعل;أفعال قلوب;ع;*;*;*;*;ص;
درى;فعل;أفعال قلوب;ع;*;*;*;*;ص;
ذهب;فعل;أفعال قلوب;ع;*;*;*;*;ص;
رأى;فعل;أفعال قلوب;ع;*;*;*;*;ص;
زعم;فعل;أفعال قلوب;ع;*;*;*;*;ص;
صبر;فعل;أفعال قلوب;ع;*;*;*;*;ص;
ظنَّ;فعل;أفعال قلوب;ع;*;*;*;*;ص;
عدَّ;فعل;أفعال قلوب;ع;*;*;*;*;ص;
علم;فعل;أفعال قلوب;ع;*;*;*;*;ص;
غادر;فعل;أفعال قلوب;ع;*;*;*;*;ص;
وجد;فعل;أفعال قلوب;ع;*;*;*;*;ص;
ورد;فعل;أفعال قلوب;ع;*;*;*;*;ص;
وهب;فعل;أفعال قلوب;ع;*;*;*;*;ص;
أن;;إن و أخواتها;ع;*;*;*;*;*;
إن;;إن و أخواتها;ع;*;*;*;*;*;
كأن;;إن و أخواتها;ع;*;*;ض;*;*;
لعل;;إن و أخواتها;ع;*;*;ض;*;*;
لكنَّ;;إن و أخواتها;ع;*;*;ض;*;*;
ليت;;إن و أخواتها;ع;*;*;*;*;*;
إنّما;;إنما;ع;*;*;*;*;*;
أجمع;;توكيد;ع;*;*;*;*;*;
جميع;;توكيد;ع;*;*;*;*;*;
عامة;;توكيد;ع;*;*;*;*;*;
عين;;توكيد;ع;*;*;*;*;*;
كل;;توكيد;ع;*;*;*;*;*;
كلتا;;توكيد;ع;*;*;*;*;*;
نفس;;توكيد;ع;*;*;*;*;*;
طالما;;جامدة;ع;*;*;*;*;*;
قلما;;جامدة;ع;*;*;*;*;*;
لقد;حرف;حرف;ع;*;*;*;*;*;
ء;حرف;حرف ابجدي;*;*;*;*;*;*;
ؤ;حرف;حرف ابجدي;*;*;*;*;*;*;
ئ;حرف;حرف ابجدي;*;*;*;*;*;*;
آ;حرف;حرف ابجدي;*;*;*;*;*;*;
أ;حرف;حرف ابجدي;*;*;*;*;*;*;
أ;حرف;حرف ابجدي;*;*;*;*;*;*;
ب;حرف;حرف ابجدي;*;*;*;*;*;*;
ت;حرف;حرف ابجدي;*;*;*;*;*;*;
ة;حرف;حرف ابجدي;*;*;*;*;*;*;
ث;حرف;حرف ابجدي;*;*;*;*;*;*;
ج;حرف;حرف ابجدي;*;*;*;*;*;*;
ح;حرف;حرف ابجدي;*;*;*;*;*;*;
خ;حرف;حرف ابجدي;*;*;*;*;*;*;
د;حرف;حرف ابجدي;*;*;*;*;*;*;
ذ;حرف;حرف ابجدي;*;*;*;*;*;*;
ر;حرف;حرف ابجدي;*;*;*;*;*;*;
ز;حرف;حرف ابجدي;*;*;*;*;*;*;
س;حرف;حرف ابجدي;*;*;*;*;*;*;
ش;حرف;حرف ابجدي;*;*;*;*;*;*;
ص;حرف;حرف ابجدي;*;*;*;*;*;*;
ض;حرف;حرف ابجدي;*;*;*;*;*;*;
ط;حرف;حرف ابجدي;*;*;*;*;*;*;
ظ;حرف;حرف ابجدي;*;*;*;*;*;*;
ع;حرف;حرف ابجدي;*;*;*;*;*;*;
غ;حرف;حرف ابجدي;*;*;*;*;*;*;
ف;حرف;حرف ابجدي;*;*;*;*;*;*;
ق;حرف;حرف ابجدي;*;*;*;*;*;*;
ك;حرف;حرف ابجدي;*;*;*;*;*;*;
ل;حرف;حرف ابجدي;*;*;*;*;*;*;
م;حرف;حرف ابجدي;*;*;*;*;*;*;
ن;حرف;حرف ابجدي;*;*;*;*;*;*;
ه;حرف;حرف ابجدي;*;*;*;*;*;*;
و;حرف;حرف ابجدي;*;*;*;*;*;*;
ى;حرف;حرف ابجدي;*;*;*;*;*;*;
ي;حرف;حرف ابجدي;*;*;*;*;*;*;
إلى;حرف;حرف جر;ع;*;*;*;*;*;
من;حرف;حرف جر;ع;*;ج;ض;س;*;
عما;;حرف جر مكفوف;ع;*;*;*;*;*;
بلى;حرف;حرف جواب;ع;*;*;*;*;*;
جلل;حرف;حرف جواب;ع;*;*;*;*;*;
أو;حرف;حرف عطف منفصل;*;*;*;*;*;*;
بل;حرف;حرف عطف منفصل;*;*;*;*;*;*;
ثم;حرف;حرف عطف منفصل;*;*;*;*;*;*;
ثمَّ;حرف;حرف عطف منفصل;*;*;*;*;*;*;
أل;;حروف و اسماء;ع;*;*;*;*;*;
إذ;;حروف و اسماء;ع;*;*;*;*;*;
إذا;;حروف و اسماء;ع;*;*;*;*;*;
إلّا;;حروف و اسماء;ع;*;*;*;*;*;
على;;حروف و اسماء;ع;*;*;ض;*;*;
عن;;حروف و اسماء;ع;*;*;ض;*;*;
قد;;حروف و اسماء;ع;*;*;*;*;*;
لمّا;;حروف و اسماء;ع;*;*;*;س;*;
ما;;حروف و اسماء;ع;*;*;*;*;*;
مذ;;حروف و اسماء;ع;*;*;*;*;*;
منذ;;حروف و اسماء;ع;*;*;*;*;*;
ها;;حروف و اسماء;ع;*;*;*;*;*;
حاشا;حرف;حروف وافعال;ع;*;*;*;*;*;
خلا;حرف;حروف وافعال;ع;*;*;*;*;*;
عدا;حرف;حروف وافعال;ع;*;*;*;*;*;
قد;حرف;حروف وافعال;ع;*;*;*;*;*;
بك;ضمير;ضمير متصل مجرور;ع;*;*;*;*;*;
بكم;ضمير;ضمير متصل مجرور;ع;*;*;*;*;*;
بكما;ضمير;ضمير متصل مجرور;ع;*;*;*;*;*;
بكن;ضمير;ضمير متصل مجرور;ع;*;*;*;*;*;
بنا;ضمير;ضمير متصل مجرور;ع;*;*;*;*;*;
به;ضمير;ضمير متصل مجرور;ع;*;*;*;*;*;
بها;ضمير;ضمير متصل مجرور;ع;*;*;*;*;*;
بهم ;ضمير;ضمير متصل مجرور;ع;*;*;*;*;*;
بهما ;ضمير;ضمير متصل مجرور;ع;*;*;*;*;*;
بهن ;ضمير;ضمير متصل مجرور;ع;*;*;*;*;*;
بي;ضمير;ضمير متصل مجرور;ع;*;*;*;*;*;
لك;ضمير;ضمير متصل مجرور;ع;*;*;*;*;*;
لكم;ضمير;ضمير متصل مجرور;ع;*;*;*;*;*;
لكما;ضمير;ضمير متصل مجرور;ع;*;*;*;*;*;
لكن;ضمير;ضمير متصل مجرور;ع;*;*;ض;*;*;
لنا;ضمير;ضمير متصل مجرور;ع;*;*;*;س;*;
له;ضمير;ضمير متصل مجرور;ع;*;*;*;س;*;
لها;ضمير;ضمير متصل مجرور;ع;*;*;*;س;*;
لهم ;ضمير;ضمير متصل مجرور;ع;*;*;*;س;*;
لهما ;ضمير;ضمير متصل مجرور;ع;*;*;*;س;*;
لهن ;ضمير;ضمير متصل مجرور;ع;*;*;*;س;*;
لي;ضمير;ضمير متصل مجرور;ع;*;*;*;*;*;
أنا ;ضمير;ضمير منفصل;ع;*;*;*;*;*;
أنت ;ضمير;ضمير منفصل;ع;*;*;*;*;*;
أنتِ ;ضمير;ضمير منفصل;ع;*;*;*;*;*;
أنتم ;ضمير;ضمير منفصل;ع;*;*;*;*;*;
أنتما ;ضمير;ضمير منفصل;ع;*;*;*;*;*;
أنتن ;ضمير;ضمير منفصل;ع;*;*;*;*;*;
نحن ;ضمير;ضمير منفصل;ع;*;*;*;*;*;
هم ;ضمير;ضمير منفصل;ع;*;*;*;*;*;
هما ;ضمير;ضمير منفصل;ع;*;*;*;*;*;
هن ;ضمير;ضمير منفصل;ع;*;*;*;*;*;
هو ;ضمير;ضمير منفصل;ع;*;*;*;*;*;
هي ;ضمير;ضمير منفصل;ع;*;*;*;*;*;
إياك;ضمير;ضمير منفصل منصوب;ع;*;ج;*;*;*;
إياك;ضمير;ضمير منفصل منصوب;ع;*;ج;*;*;*;
إياكم;ضمير;ضمير منفصل منصوب;ع;*;ج;*;*;*;
إياكما;ضمير;ضمير منفصل منصوب;ع;*;ج;*;*;*;
إياكن;ضمير;ضمير منفصل منصوب;ع;*;ج;*;*;*;
إيانا;ضمير;ضمير منفصل منصوب;ع;*;ج;*;*;*;
إياه;ضمير;ضمير منفصل منصوب;ع;*;ج;*;*;*;
إياها;ضمير;ضمير منفصل منصوب;ع;*;ج;*;*;*;
إياهم;ضمير;ضمير منفصل منصوب;ع;*;ج;*;*;*;
إياهما;ضمير;ضمير منفصل منصوب;ع;*;ج;*;*;*;
إياهن;ضمير;ضمير منفصل منصوب;ع;*;ج;*;*;*;
إياي;ضمير;ضمير منفصل منصوب;ع;*;ج;*;*;*;
الآن;;ظرف;ع;*;*;*;*;*;
آناء;;ظرف;ع;*;*;*;*;*;
آنفا;;ظرف;ع;*;*;*;*;*;
أبدا;;ظرف;ع;*;*;*;*;*;
أصلا;;ظرف;ع;*;*;*;*;*;
أمد;;ظرف;ع;*;*;*;*;*;
أمس;;ظرف;ع;*;*;*;*;*;
أنّى;;ظرف;ع;*;*;*;*;*;
أول;;ظرف;ع;*;*;*;*;*;
أيّان;;ظرف;ع;*;*;*;*;*;
أين;;ظرف;ع;*;*;*;*;*;
إذ;;ظرف;ع;*;*;*;*;*;
إذا;;ظرف;ع;*;*;*;*;*;
إزاء;;ظرف;ع;*;*;*;*;*;
بعد;;ظرف;ع;*;*;ض;*;*;
بين;;ظرف;ع;*;*;ض;*;*;
تارة;;ظرف;ع;*;*;*;*;*;
ثم;حرف;ظرف;ع;*;*;*;*;*;
ثمّ;;ظرف;ع;*;*;*;*;*;
ثمّة;;ظرف;ع;*;*;*;*;*;
حقا;;ظرف;ع;*;*;*;*;*;
حيث;;ظرف;ع;*;*;*;*;*;
دون;;ظرف;ع;*;*;*;*;*;
ذا;;ظرف;ع;*;*;*;*;*;
ذات;;ظرف;ع;*;*;*;*;*;
ريث;;ظرف;ع;*;*;*;*;*;
صباح;;ظرف;ع;*;*;*;*;*;
ضحوة;;ظرف;ع;*;*;*;*;*;
عل;;ظرف;ع;*;*;*;*;*;
عند;;ظرف;ع;*;*;ض;*;*;
عوض;;ظرف;ع;*;*;*;*;*;
غدا;;ظرف;ع;*;*;*;*;*;
غداة;;ظرف;ع;*;*;*;*;*;
قبل;;ظرف;ع;*;*;*;*;*;
قطّ;;ظرف;ع;*;*;*;*;*;
كلّما;;ظرف;ع;*;*;*;*;*;
لدن;;ظرف;ع;*;*;ض;*;*;
لدى;;ظرف;ع;*;*;*;*;*;
لمّا;;ظرف;ع;*;*;*;س;*;
متى;;ظرف;ع;*;*;*;*;*;
مرّة;;ظرف;ع;*;*;*;*;*;
مساء;;ظرف;ع;*;*;*;*;*;
مع;;ظرف;ع;*;*;ض;*;*;
هنا;;ظرف;ع;*;*;*;*;*;
يومئذ;;ظرف;ع;*;*;*;*;*;
ابتدأ;فعل;كاد و اخواتها;ع;*;*;*;*;ص;
اخلولق;فعل;كاد و اخواتها;ع;*;*;*;*;ص;
انبرى;فعل;كاد و اخواتها;ع;*;*;*;*;ص;
أخذ;فعل;كاد و اخواتها;ع;*;*;*;*;ص;
أقبل;فعل;كاد و اخواتها;ع;*;*;*;*;ص;
أنشأ;فعل;كاد و اخواتها;ع;*;*;*;*;ص;
أوشك;فعل;كاد و اخواتها;ع;*;*;*;*;ص;
جعل;فعل;كاد و اخواتها;ع;*;*;*;*;ص;
حرى;فعل;كاد و اخواتها;ع;*;*;*;*;ص;
شرع;فعل;كاد و اخواتها;ع;*;*;*;*;ص;
طفق;فعل;كاد و اخواتها;ع;*;*;*;*;ص;
عسى;فعل;كاد و اخواتها;ع;*;*;*;*;ص;
علق;فعل;كاد و اخواتها;ع;*;*;*;*;ص;
قام;فعل;كاد و اخواتها;ع;*;*;*;*;ص;
كاد;فعل;كاد و اخواتها;ع;*;*;*;*;ص;
كرب;فعل;كاد و اخواتها;ع;*;*;*;*;ص;
هبّ;فعل;كاد و اخواتها;ع;*;*;*;*;ص;
ارتدّ;فعل;كان و اخواتها;ع;*;*;*;*;ص;
استحال;فعل;كان و اخواتها;ع;*;*;*;*;ص;
انقلب;فعل;كان و اخواتها;ع;*;*;*;*;ص;
آض;فعل;كان و اخواتها;ع;*;*;*;*;ص;
أصبح;فعل;كان و اخواتها;ع;*;*;*;*;ص;
أضحى;فعل;كان و اخواتها;ع;*;*;*;*;ص;
أمسى;فعل;كان و اخواتها;ع;*;*;*;*;ص;
بات;فعل;كان و اخواتها;ع;*;*;*;*;ص;
تبدّل;فعل;كان و اخواتها;ع;*;*;*;*;ص;
تحوّل;فعل;كان و اخواتها;ع;*;*;*;*;ص;
حار;فعل;كان و اخواتها;ع;*;*;*;*;ص;
راح;فعل;كان و اخواتها;ع;*;*;*;*;ص;
رجع;فعل;كان و اخواتها;ع;*;*;*;*;ص;
صار;فعل;كان و اخواتها;ع;*;*;*;*;ص;
ظلّ;فعل;كان و اخواتها;ع;*;*;*;*;ص;
عاد;فعل;كان و اخواتها;ع;*;*;*;*;ص;
غدا;فعل;كان و اخواتها;ع;*;*;*;*;ص;
كان;فعل;كان و اخواتها;ع;*;*;*;*;ص;
ليس;فعل;كان و اخواتها;ع;*;*;*;*;ص;
ما برح;فعل;كان و اخواتها;ع;*;*;*;*;ص;
ماانفك;فعل;كان و اخواتها;ع;*;*;*;*;ص;
مادام;فعل;كان و اخواتها;ع;*;*;*;*;ص;
مازال;فعل;كان و اخواتها;ع;*;*;*;*;ص;
مافتئ;فعل;كان و اخواتها;ع;*;*;*;*;ص;
بضع;اسم;كناية;ع;*;*;*;*;*;
ذيت;اسم;كناية;ع;*;*;*;*;*;
فلان;اسم;كناية;ع;*;*;*;*;*;
كأيّ;اسم;كناية;ع;*;*;*;*;*;
كأين;اسم;كناية;ع;*;*;*;*;*;
كأيّن;اسم;كناية;ع;*;*;*;*;*;
كذا;اسم;كناية;ع;*;*;*;*;*;
كم;اسم;كناية;ع;*;*;*;*;*;
كيت;اسم;كناية;ع;*;*;*;*;*;
أسكن;فعل;متعدية 2 م به;ع;*;*;*;*;ص;
أطعم;فعل;متعدية 2 م به;ع;*;*;*;*;ص;
أعطى;فعل;متعدية 2 م به;ع;*;*;*;*;ص;
رزق;فعل;متعدية 2 م به;ع;*;*;*;*;ص;
زود;فعل;متعدية 2 م به;ع;*;*;*;*;ص;
سقى;فعل;متعدية 2 م به;ع;*;*;*;*;ص;
كسا;فعل;متعدية 2 م به;ع;*;*;*;*;ص;
أخبر;فعل;متعدية 3 م به;ع;*;*;*;*;ص;
أرى;فعل;متعدية 3 م به;ع;*;*;*;*;ص;
أعلم;فعل;متعدية 3 م به;ع;*;*;*;*;ص;
أنبأ;فعل;متعدية 3 م به;ع;*;*;*;*;ص
حدَث;فعل;متعدية 3 م به;ع;*;*;*;*;ص
خبَّر;فعل;متعدية 3 م به;ع;*;*;*;*;ص
نبَّا;فعل;متعدية 3 م به;ع;*;*;*;*;ص
ويكأنّ;;;*;*;*;ض;*;*
